Common_name,Scientific_name,Species_group,Country
Abarema obovata,Abarema obovata,Plants,Brazil
Abarema filamentosa,Abarema filamentosa,Plants,Brazil
Abarema cochliacarpos,Abarema cochliacarpos,Plants,Brazil
Abarema turbinata,Abarema turbinata,Plants,Brazil
Adelophryne maranguapensis,Adelophryne maranguapensis,Amphibians,Brazil
Adelophryne baturitensis,Adelophryne baturitensis,Amphibians,Brazil
Aiouea macedoana,Aiouea macedoana,Plants,Brazil
Aiouea bracteata,Aiouea bracteata,Plants,Brazil
Alagoas Antwren,Myrmotherula snowi,Birds,Brazil
Alagoas Curassow,Mitu mitu,Birds,Brazil
Alagoas Foliage-gleaner,Philydor novaesi,Birds,Brazil
Alagoas Tyrannulet,Phylloscartes ceciliae,Birds,Brazil
Albizia edwarllii,Albizia edwarllii,Plants,"Argentina, Brazil"
Albizia burkartiana,Albizia burkartiana,Plants,Brazil
Alcatrazes Lancehead,Bothrops alcatraz,Reptiles,Brazil
Allobates subfolionidificans,Allobates subfolionidificans,Amphibians,Brazil
Allobates olfersioides,Allobates olfersioides,Amphibians,Brazil
Amburana cearensis,Amburana cearensis,Plants,"Argentina, Bolivia, Brazil, Paraguay, Peru"
Amburana acreana,Amburana acreana,Plants,"Bolivia, Brazil, Peru"
Andean Condor,Vultur gryphus,Birds,Colombia to Chile and Argentina
Andean Flamingo,Phoenicoparrus andinus,Birds,"Argentina, Bolivia, Brazil, Chile, Peru"
Angular Angelshark,Squatina punctata,Fishes,"Argentina, Brazil, Uruguay"
Aniba santalodora,Aniba santalodora,Plants,Brazil
Aniba rosaeodora,Aniba rosaeodora,Plants,"Brazil, Colombia, Ecuador, French Guiana, Guyana, Peru, Suriname, Venezuela"
Aniba pedicellata,Aniba pedicellata,Plants,Brazil
Aniba intermedia,Aniba intermedia,Plants,Brazil
Aniba ferrea,Aniba ferrea,Plants,Brazil
Annual Tropical Killifish,Cynolebias constanciae,Fishes,Brazil
Anthias salmopunctatus,Anthias salmopunctatus,Fishes,Brazil
Aplastodiscus eugenioi,Aplastodiscus eugenioi,Amphibians,Brazil
Apron Ray,Discopyge tschudii,Fishes,"Argentina, Brazil, Chile, Peru, Uruguay"
Arapatiella psilophylla,Arapatiella psilophylla,Plants,Brazil
Arara Nut Tree,Joannesia princeps,Plants,Brazil
Araripe Manakin,Antilophia bokermanni,Birds,Brazil
Araucaria angustifolia,Araucaria angustifolia,Plants,"Argentina, Brazil, Paraguay"
Araucaria Tit-spinetail,Leptasthenura setaria,Birds,"Argentina, Brazil"
Arawacus aethesa,Arawacus aethesa,Insects,Brazil
Argentine Angel Shark,Squatina argentina,Fishes,"Argentina, Brazil, Uruguay"
Arrojadoa dinae,Arrojadoa dinae,Plants,Brazil
Arrojadoa bahiensis,Arrojadoa bahiensis,Plants,Brazil
Arthrocereus rondonianus,Arthrocereus rondonianus,Plants,Brazil
Arthrocereus melanurus,Arthrocereus melanurus,Plants,Brazil
Arthrocereus glaziovii,Arthrocereus glaziovii,Plants,Brazil
Aspidosperma polyneuron,Aspidosperma polyneuron,Plants,"Argentina, Bolivia, Brazil, Colombia, Paraguay, Peru"
Astrocaryum minus,Astrocaryum minus,Plants,"Brazil, French Guiana"
Atlantic Petrel,Pterodroma incerta,Birds,"Argentina, Brazil, Falkland Islands (Malvinas), Namibia, South Africa, St. Helena, United States/US Territory, Uruguay"
Atlantic Royal Flycatcher,Onychorhynchus swainsoni,Birds,Brazil
Atlantic Titi,Callicebus personatus,Mammals,Brazil
Atlantic Yellow-nosed Albatross,Thalassarche chlororhynchos,Birds,"Angola, Argentina, Brazil, Mozambique, Namibia, South Africa, St. Helena, Uruguay"
Ayres Black Uakari,Cacajao ayresi,Mammals,Brazil
Azure Jay,Cyanocorax caeruleus,Birds,"Argentina, Brazil"
Azure-shouldered Tanager,Thraupis cyanoptera,Birds,Brazil
Bactris pickelii,Bactris pickelii,Plants,Brazil
Bahia Antwren,Herpsilochmus pileatus,Birds,Brazil
Bahia Spinetail,Synallaxis whitneyi,Birds,Brazil
Bahia Tapaculo,Scytalopus psychopompus,Birds,Brazil
Bahia Tyrannulet,Phylloscartes beckeri,Birds,Brazil
Bald Parrot,Gypopsitta aurantiocephala,Birds,Brazil
Bald Uakari,Cacajao calvus,Mammals,"Brazil, Colombia, Peru"
Bananal Antbird,Cercomacra ferdinandi,Birds,Brazil
Banara brasiliensis,Banara brasiliensis,Plants,Brazil
Band-tailed Antwren,Myrmotherula urosticta,Birds,Brazil
Banded Cotinga,Cotinga maculata,Birds,Brazil
Bare-throated Bellbird,Procnias nudicollis,Birds,"Argentina, Brazil, Paraguay"
Baru Tree,Dipteryx alata,Plants,Brazil
Basking Shark,Cetorhinus maximus,Fishes,"Africa, Asia, Australia, Central America, Europe, Middle East, North America (including United States), South America"
Bauhinia integerrima,Bauhinia integerrima,Plants,Brazil
Bay-capped Wren-spinetail,Spartonoica maluroides,Birds,"Argentina, Brazil, Uruguay"
Bay-ringed Tyrannulet,Phylloscartes sylviolus,Birds,"Argentina, Brazil, Paraguay"
Bearded Saki,Chiropotes satanas,Mammals,Brazil
Bearded Tachuri,Polystictus pectoralis,Birds,"Argentina, Bolivia, Brazil, Colombia, French Guiana, Guyana, Paraguay, Suriname, Uruguay, Venezuela"
Bentfin Devil Ray,Mobula thurstoni,Fishes,"Africa, Asia, Australia, Central America, Middle East, North America, South America"
Bicuiba oleifera,Bicuiba oleifera,Plants,Brazil
Big Leaf Mahogany,Swietenia macrophylla,Plants,"Central America, North America, South America"
Big-headed Amazon River Turtle,Peltocephalus dumerilianus,Reptiles,"Brazil, Colombia, French Guiana, Venezuela"
Bigeye Tuna,Thunnus obesus,Fishes,"Africa, American Samoa, Asia, Australia, Central America, Europe, Middle East, North America - Including United States (Hawaii), Oceanic, South America"
Bignose Fanskate,Sympterygia acuta,Fishes,"Argentina, Brazil, Uruguay"
Black Caiman,Melanosuchus niger,Reptiles,Amazon Basin
Black Grouper,Epinephelus nigritus,Fishes,"Central and South America, Mexico, United States"
Black Rail,Laterallus jamaicensis,Birds,"Central America, North America (including United States), South America"
Black Rockfish,Mycteroperca bonaci,Fishes,"Central America, North America (including United States), Oceanic, South America"
Black Squirrel Monkey,Saimiri vanzolinii,Mammals,Brazil
Black-and-gold Cotinga,Tijuca atra,Birds,Brazil
Black-and-tawny Seedeater,Sporophila nigrorufa,Birds,"Bolivia, Brazil"
Black-and-white Monjita,Xolmis dominicanus,Birds,"Argentina, Brazil, Uruguay"
Black-and-white Tanager,Conothraupis speculigera,Birds,"Bolivia, Brazil, Ecuador, Peru"
Black-backed Tanager,Tangara peruviana,Birds,Brazil
Black-bellied Seedeater,Sporophila melanogaster,Birds,Brazil
Black-browed Albatross,Thalassarche melanophrys,Birds,"Africa, Antarctica, Australia, Europe, Oceanic, South America"
Black-capped Piprites,Piprites pileata,Birds,"Argentina, Brazil"
Black-crowned Dwarf Marmoset,Callibella humilis,Mammals,Brazil
Black-faced Black Spider Monkey,Ateles chamek,Mammals,"Bolivia, Brazil, Peru"
Black-fronted Titi Monkey,Callicebus nigrifrons,Mammals,Brazil
Black-handed Tamarin,Saguinus niger,Mammals,Brazil
Black-headed Berryeater,Carpornis melanocephala,Birds,Brazil
Black-headed Uakari,Cacajao melanocephalus,Mammals,"Brazil, Colombia, Venezuela"
Black-hooded Antwren,Formicivora erythronotos,Birds,Brazil
Black-horned Capuchin,Cebus nigritus,Mammals,"Argentina, Brazil"
Black-legged Dacnis,Dacnis nigripes,Birds,Brazil
Black-masked Finch,Coryphaspiza melanotis,Birds,"Argentina, Bolivia, Brazil, Paraguay, Peru"
Blackish-blue Seedeater,Amaurospiza moesta,Birds,"Argentina, Brazil, Paraguay"
Blond Titi Monkey,Callicebus barbarabrownae,Mammals,Brazil
Blonde Capuchin,Cebus flavius,Mammals,Brazil
Blue Finch,Porphyrospiza caerulescens,Birds,"Bolivia, Brazil"
Blue-bellied Parrot,Triclaria malachitacea,Birds,Brazil
Blue-eyed Ground Dove,Columbina cyanopis,Birds,Brazil
Blue-headed Macaw,Primolius couloni,Birds,"Bolivia, Brazil, Peru"
Blue-throated Parakeet,Pyrrhura cruentata,Birds,Brazil
Blue-winged Macaw,Primolius maracana,Birds,"Argentina, Brazil, Paraguay"
Bokermann's Bromeliad Frogs,Crossodactylodes bokermanni,Amphibians,Brazil
Bokermannohyla izecksohni,Bokermannohyla izecksohni,Amphibians,Brazil
Bokermannohyla vulcaniae,Bokermannohyla vulcaniae,Amphibians,Brazil
Botucatu Escuerzo,Odontophrynus moratoi,Amphibians,Brazil
Brasilia Lyrefin,Cynolebias boitonei,Fishes,Brazil
Brasilia Tapaculo,Scytalopus novacapitalis,Birds,Brazil
Brasilicereus markgrafii,Brasilicereus markgrafii,Plants,Brazil
Brazil-nut Tree,Bertholletia excelsa,Plants,"Bolivia, Brazil, Colombia, French Guiana, Guyana, Peru, Suriname, Venezuela"
Brazilian Arboreal Mouse,Rhagomys rufescens,Mammals,Brazil
Brazilian Black-tyrant,Knipolegus franciscanus,Birds,Brazil
Brazilian Blind Electric Ray,Benthobatis kreffti,Fishes,Brazil
Brazilian Button Frog,Cycloramphus brasiliensis,Amphibians,Brazil
Brazilian Cownose Ray,Rhinoptera brasiliensis,Fishes,Brazil
Brazilian Funnel-eared Bat,Natalus espiritosantensis,Mammals,Brazil
Brazilian Giant Tortoise,Geochelone denticulata,Reptiles,"Bolivia, Brazil, Colombia, Ecuador, French Guiana, Guyana, Peru, Suriname, Trinidad and Tobago, Venezuela, West Indies (Dominica)"
Brazilian Guitarfish,Rhinobatos horkelii,Fishes,"Argentina, Brazil"
Brazilian Merganser,Mergus octosetaceus,Birds,"Argentina, Brazil, Paraguay"
Brazilian Rain Tree,Chloroleucon tortum,Plants,Brazil
Brazilian River Frog,Thoropa saxatilis,Amphibians,Brazil
Brazilian Sideneck Turtle,Phrynops hogei,Reptiles,Brazil
Brazilian Snake-necked Turtle,Hydromedusa maximiliani,Reptiles,Brazil
Brazilian Three-banded Armadillo,Tolypeutes tricinctus,Mammals,Brazil
Brazilian Three-toed Sloth,Bradypus torquatus,Mammals,Brazil
Broad-snouted Caiman,Caiman latirostris,Reptiles,"Argentina, Brazil, Paraguay, Uruguay"
Bronze Whaler,Carcharhinus brachyurus,Fishes,"Africa, Asia, Australia, Europe, Middle East, North America (including United States), South America"
Brosimum glaziovii,Brosimum glaziovii,Plants,Brazil
Brown Pelican,Pelecanus occidentalis,Birds,"Coastal Central and South America, USA (Carolinas to Texas, California, Oregon, Washington), West Indies"
Brown Tanager,Orchesticus abeillei,Birds,Brazil
Brown-backed Parrotlet,Touit melanonotus,Birds,Brazil
Brownstriped Grunt,Anisotremus moricandi,Fishes,"Brazil, Colombia, Panama, Venezuela"
Buchenavia rabelloana,Buchenavia rabelloana,Plants,Brazil
Buchenavia pabstii,Buchenavia pabstii,Plants,Brazil
Buchenavia iguaratensis,Buchenavia iguaratensis,Plants,Brazil
Buchenavia hoehneana,Buchenavia hoehneana,Plants,Brazil
Buff-breasted Sandpiper,Tryngites subruficollis,Birds,"Africa, Australia, Central America, Europe, Middle East, North America (including United States Territory), Oceanic, South America"
Buff-breasted Tody-tyrant,Hemitriccus mirandae,Birds,Brazil
Buff-browed Chachalaca,Ortalis superciliaris,Birds,Brazil
Buff-headed Capuchin,Cebus xanthosternos,Mammals,Brazil
Buff-throated Purpletuft,Iodopleura pipra,Birds,Brazil
Buffy-fronted Seedeater,Sporophila frontalis,Birds,"Argentina, Brazil, Paraguay"
Buffy-headed Marmoset,Callithrix flaviceps,Mammals,Brazil
Bush Dog,Speothos venaticus,Mammals,"Bolivia, Brazil, Colombia, Ecuador, French Guiana, Guyana, Panama, Paraguay, Peru, Suriname, Venezuela"
Button Cactus,Melocactus violaceus,Plants,Brazil
Caatinga Antwren,Herpsilochmus sellowi,Birds,Brazil
Caesalpinia paraguariensis,Caesalpinia paraguariensis,Plants,"Argentina, Bolivia, Brazil, Paraguay"
Caesalpinia echinata,Caesalpinia echinata,Plants,Brazil
Calycorectes sellowianus,Calycorectes sellowianus,Plants,Brazil
Calycorectes schottianus,Calycorectes schottianus,Plants,Brazil
Calycorectes duarteanus,Calycorectes duarteanus,Plants,Brazil
Calycorectes australis,Calycorectes australis,Plants,Brazil
Campo Grande Button Frog,Cycloramphus semipalmatus,Amphibians,Brazil
Campo Grande Treefrog,Hypsiboas cymbalum,Amphibians,Brazil
Campo Miner,Geositta poeciloptera,Birds,"Bolivia, Brazil"
Campomanesia neriiflora,Campomanesia neriiflora,Plants,Brazil
Campomanesia laurifolia,Campomanesia laurifolia,Plants,Brazil
Campomanesia hirsuta,Campomanesia hirsuta,Plants,Brazil
Campomanesia espiritosantensis,Campomanesia espiritosantensis,Plants,Brazil
Campomanesia aromatica,Campomanesia aromatica,Plants,Brazil
Campomanesia viatoris,Campomanesia viatoris,Plants,Brazil
Campomanesia phaea,Campomanesia phaea,Plants,Brazil
Canebrake Groundcreeper,Clibanornis dendrocolaptoides,Birds,"Argentina, Brazil, Paraguay"
Cape Shark,Squalus acanthias,Fishes,"Africa, Asia, Australia, Central America, Europe, Middle East, North America (including United States), South America"
Caribbean Electric Ray,Narcine bancroftii,Fishes,"Brazil, Florida, French Guiana, Guyana, Mississippi, New Mexico, North Carolina, Suriname, Venezuela"
Caribbean Reef Shark,Carcharhinus perezi,Fishes,"Central America, North America (including United States), Oceanic, South America"
Carvalho's Slider,Trachemys adiutrix,Reptiles,Brazil
Carvalhoi Tree Toad,Dendrophryniscus carvalhoi,Amphibians,Brazil
Castalia martensi,Castalia martensi,Clams,Brazil
Cedrela lilloi,Cedrela lilloi,Plants,South America
Cedro Misionero,Cedrela fissilis,Plants,"Central America, South America"
Central Humming Frog,Chiasmocleis carvalhoi,Amphibians,Brazil
Cereus mirabella,Cereus mirabella,Plants,Brazil
Cerulean Warbler,Setophaga cerulea,Birds,"Bahamas, Belize, Bolivia, Brazil, Canada, Colombia, Costa Rica, Cuba, Ecuador, Guatemala, Honduras, Jamaica, Mexico, Netherlands Antilles, Panama, Peru, United States, Venezuela"
Chaco Eagle,Buteogallus coronatus,Birds,"Argentina, Bolivia, Brazil, Paraguay"
Chaetodon obliquus,Chaetodon obliquus,Fishes,Brazil
Cherry-throated Tanager,Nemosia rourei,Birds,Brazil
Chestnut Seedeater,Sporophila cinnamomea,Birds,"Argentina, Brazil, Paraguay, Uruguay"
Chestnut-bellied Guan,Penelope ochrogaster,Birds,Brazil
Chestnut-throated Spinetail,Synallaxis cherriei,Birds,"Brazil, Colombia, Ecuador, Peru"
Chilean Flamingo,Phoenicopterus chilensis,Birds,"Argentina, Bolivia, Brazil, Chile, Ecuador, Falkland Islands (Malvinas), Paraguay, Peru, Uruguay"
Chloroleucon extortum,Chloroleucon extortum,Plants,Brazil
Christmas Cactus,Schlumbergera kautskyi,Plants,Brazil
Chrysophyllum superbum,Chrysophyllum superbum,Plants,Brazil
Chrysophyllum subspinosum,Chrysophyllum subspinosum,Plants,Brazil
Chrysophyllum splendens,Chrysophyllum splendens,Plants,Brazil
Chrysophyllum paranaense,Chrysophyllum paranaense,Plants,Brazil
Chrysophyllum imperiale,Chrysophyllum imperiale,Plants,Brazil
Chrysophyllum durifructum,Chrysophyllum durifructum,Plants,Brazil
Chrysophyllum acreanum,Chrysophyllum acreanum,Plants,Brazil
Cigar-box Wood,Cedrela odorata,Plants,"Central America, North America, South America"
Cinereous Warbling-finch,Poospiza cinerea,Birds,Brazil
Cinnamon-vented Piha,Lipaugus lanioides,Birds,Brazil
Cipo Canastero,Asthenes luizae,Birds,Brazil
Cipocereus pusilliflorus,Cipocereus pusilliflorus,Plants,Brazil
Cipocereus laniflorus,Cipocereus laniflorus,Plants,Brazil
Cipocereus crassisepalus,Cipocereus crassisepalus,Plants,Brazil
Cipocereus bradei,Cipocereus bradei,Plants,Brazil
Cleft-headed Juliomys,Juliomys rimofrons,Mammals,Brazil
Coal-crested Finch,Charitospiza eucosma,Birds,"Argentina, Bolivia, Brazil"
Coastal Black-handed Titi,Callicebus melanochir,Mammals,Brazil
Cock-tailed Tyrant,Alectrurus tricolor,Birds,"Argentina, Bolivia, Brazil, Paraguay"
Coimbra-filho's Titi Monkey,Callicebus coimbrai,Mammals,Brazil
Colares Stingray,Dasyatis colarensis,Fishes,"Brazil, Venezuela"
Coleocephalocereus purpureus,Coleocephalocereus purpureus,Plants,Brazil
Common Woolly Monkey,Lagothrix lagotricha,Mammals,"Brazil, Colombia, Ecuador, Peru"
Cone-billed Tanager,Conothraupis mesoleuca,Birds,Brazil
Cone-Like Turk's Head Cactus,Melocactus conoideus,Plants,Brazil
Couepia schottii,Couepia schottii,Plants,Brazil
Couepia joaquinae,Couepia joaquinae,Plants,Brazil
Cougar,Puma concolor,Mammals,North and Central America
Couratari atrovinosa,Couratari atrovinosa,Plants,Brazil
Couratari asterotricha,Couratari asterotricha,Plants,Brazil
Couratari asterophora,Couratari asterophora,Plants,Brazil
Couratari tauari,Couratari tauari,Plants,Brazil
Couratari pyramidata,Couratari pyramidata,Plants,Brazil
Couratari prancei,Couratari prancei,Plants,"Brazil, Peru"
Couratari longipedicellata,Couratari longipedicellata,Plants,Brazil
Couratari guianensis,Couratari guianensis,Plants,"Brazil, Colombia, Costa Rica, French Guiana, Guyana, Panama, Peru, Suriname, Venezuela"
Coussapoa floccosa,Coussapoa floccosa,Plants,Brazil
Coussapoa curranii,Coussapoa curranii,Plants,Brazil
Cowfish,Rhinoptera bonasus,Fishes,"Belize, Brazil, Colombia, Costa Rica, Cuba, Florida, French Guiana, Guatemala, Guyana, Honduras, Mexico, Nicaragua, Panama, Suriname, Trinidad and Tobago, Venezuela"
Cratylia bahiensis,Cratylia bahiensis,Plants,Brazil
Creamy-bellied Gnatcatcher,Polioptila lactea,Birds,"Argentina, Brazil, Paraguay"
Crested Capuchin,Cebus robustus,Mammals,Brazil
Crossband Rockfish,Mycteroperca interstitialis,Fishes,"Central America, North America (including United States), Oceanic, South America"
Crownbeard,Verbesina pseudoclausseni,Plants,Brazil
Cruz's Treefrog,Aplastodiscus cavicola,Amphibians,Brazil
Cubera Snapper,Lutjanus cyanopterus,Fishes,"Central America, North America (including United States), South America"
Curry Shark,Sphyrna tudes,Fishes,"Brazil, French Guiana, Guyana, Suriname, Trinidad and Tobago, Uruguay, Venezuela"
Cyanophrys bertha,Cyanophrys bertha,Insects,Brazil
Daggernose Shark,Isogomphodon oxyrhynchus,Fishes,"Brazil, French Guiana, Guyana, Suriname, Trinidad and Tobago, Venezuela"
Dark-throated Seedeater,Sporophila ruficollis,Birds,"Argentina, Bolivia, Brazil, Paraguay, Uruguay"
Dekeyser's Nectar Bat,Lonchophylla dekeyseri,Mammals,Brazil
Devil Fish,Manta birostris,Fishes,"Africa, Asia, Australia, Central America, Europe, Hawaii, Middle East, North America, Oceanic, South America"
Dicypellium caryophyllaceum,Dicypellium caryophyllaceum,Plants,Brazil
Diplodon expansus,Diplodon expansus,Clams,Brazil
Diplodon dunkerianus,Diplodon dunkerianus,Clams,Brazil
Diplodon pfeifferi,Diplodon pfeifferi,Clams,Brazil
Diplodon fontaineanus,Diplodon fontaineanus,Clams,Brazil
Discocactus zehntneri,Discocactus zehntneri,Plants,Brazil
Discocactus pseudoinsignis,Discocactus pseudoinsignis,Plants,Brazil
Discocactus placentiformis,Discocactus placentiformis,Plants,Brazil
Discocactus horstii,Discocactus horstii,Plants,Brazil
Discocactus bahiensis,Discocactus bahiensis,Plants,Brazil
Dixon's Ground Snake,Liophis atraventer,Reptiles,Brazil
Donkey Fish,Dermatolepis inermis,Fishes,"Central and South America, North America (including United States), Oceanic"
Dot-winged Crake,Porzana spiloptera,Birds,"Argentina, Brazil, Uruguay"
Drepanolejeunea aculeata,Drepanolejeunea aculeata,Plants,Brazil
Drymaeus acervatus,Drymaeus acervatus,Snails,Brazil
Drymaeus henseli,Drymaeus henseli,Snails,Brazil
Dusky Grouper,Epinephelus marginatus,Fishes,"Africa, Europe, Middle East, South America"
Dwarf Tinamou,Taoniscus nanus,Birds,"Argentina, Brazil, Paraguay"
Ecclinusa lancifolia,Ecclinusa lancifolia,Plants,Brazil
Elias' Atlantic Spiny-rat,Trinomys eliasi,Mammals,Brazil
Elusive Antpitta,Grallaria eludens,Birds,"Brazil, Peru"
Enche-Cangalha,Dimorphandra wilsonii,Plants,Brazil
Eschweilera alvimii,Eschweilera alvimii,Plants,Brazil
Eschweilera roraimensis,Eschweilera roraimensis,Plants,"Brazil, Venezuela"
Eschweilera rodriguesiana,Eschweilera rodriguesiana,Plants,Brazil
Eschweilera rionegrense,Eschweilera rionegrense,Plants,Brazil
Eschweilera rhododendrifolia,Eschweilera rhododendrifolia,Plants,Brazil
Eschweilera rabeliana,Eschweilera rabeliana,Plants,Brazil
Eschweilera compressa,Eschweilera compressa,Plants,Brazil
Eschweilera carinata,Eschweilera carinata,Plants,Brazil
Eschweilera tetrapetala,Eschweilera tetrapetala,Plants,Brazil
Eschweilera amazonicaformis,Eschweilera amazonicaformis,Plants,Brazil
Eschweilera subcordata,Eschweilera subcordata,Plants,Brazil
Esenbeckia leiocarpa,Esenbeckia leiocarpa,Plants,Brazil
Eskimo Curlew,Numenius borealis,Birds,Alaska and Northern Canada to Argentina
Espostoopsis dybowskii,Espostoopsis dybowskii,Plants,Brazil
Eugenia prasina,Eugenia prasina,Plants,Brazil
Eugenia microcarpa,Eugenia microcarpa,Plants,Brazil
Eugenia arianae,Eugenia arianae,Plants,Brazil
Eye-ringed Tody-tyrant,Hemitriccus orbitatus,Birds,Brazil
Eyespot Skate,Atlantoraja cyclophora,Fishes,"Argentina, Brazil, Uruguay"
Facheiroa cephaliomelana,Facheiroa cephaliomelana,Plants,Brazil
Faint-striped Opossum,Monodelphis umbristriata,Mammals,Brazil
Fausto's Button Frog,Cycloramphus faustoi,Amphibians,Brazil
Few-Spined Turks-Cap Cactus,Melocactus paucispinus,Plants,Brazil
Fig Tree,Ficus blepharophylla,Plants,Brazil
Fig Tree,Ficus salzmanniana,Plants,Brazil
Fig Tree,Ficus aripuanensis,Plants,Brazil
Fig Tree,Ficus roraimensis,Plants,Brazil
Fig Tree,Ficus ramiflora,Plants,Brazil
Fig Tree,Ficus pulchella,Plants,Brazil
Fig Tree,Ficus pakkensis,Plants,"Brazil, Guyana"
Fig Tree,Ficus mexiae,Plants,Brazil
Fig Tree,Ficus cyclophylla,Plants,Brazil
Fig Tree,Ficus ursina,Plants,Brazil
Fig Tree,Ficus calyptroceras,Plants,Brazil
Fluminense Swallowtail,Parides ascanius,Insects,Brazil
Forbes's Blackbird,Curaeus forbesi,Birds,Brazil
Fork-tailed Pygmy-tyrant,Hemitriccus furcatus,Birds,Brazil
Fossorial Giant Rat,Kunsia fronto,Mammals,"Argentina, Brazil"
Four-eyed Frog,Pleurodema bibroni,Amphibians,"Brazil, Uruguay"
Fringe Tree,Chionanthus micranthus,Plants,Brazil
Fringe Tree,Chionanthus fluminensis,Plants,Brazil
Fringe Tree,Chionanthus tenuis,Plants,Brazil
Fringe Tree,Chionanthus subsessilis,Plants,Brazil
Fringe-backed Fire-eye,Pyriglena atra,Birds,Brazil
Geoffroy's Cat,Leopardus geoffroyi,Mammals,"Argentina, Bolivia, Brazil, Chile, Paraguay, Uruguay"
Geoffroy's Peruvian Woolly Monkey,Lagothrix cana,Mammals,"Bolivia, Brazil, Peru"
Giant Anteater,Myrmecophaga tridactyla,Mammals,Central and South America
Giant Armadillo,Priodontes maximus,Mammals,"Guyana to Argentina, Venezuela"
Giant Atlantic Tree Rat,Phyllomys thomasi,Mammals,Brazil
Giant Butterfly Ray,Gymnura altavela,Fishes,"Africa, Asia, Central America, Europe, Middle East, North America (including United States), South America"
Giant Otter,Pteronura brasiliensis,Mammals,South America
Ginger Pearlfish,Leptolebias marmoratus,Fishes,Brazil
Glaucous Macaw,Anodorhynchus glaucus,Birds,"Argentina, Brazil, Paraguay, Uruguay"
Goeldi's Marmoset,Callimico goeldii,Mammals,"Bolivia, Brazil, Colombia, Ecuador, Peru"
Goeldi's Spiny Rat,Proechimys goeldii,Mammals,"Brazil, Colombia"
Golden Lancehead,Bothrops insularis,Reptiles,Brazil
Golden Lion Tamarin,Leontopithecus rosalia,Mammals,Brazil
Golden Parakeet,Aratinga guarouba,Birds,Brazil
Golden-backed Squirrel Monkey,Saimiri ustus,Mammals,Brazil
Golden-capped Parakeet,Aratinga auricapillus,Birds,Brazil
Golden-crowned Manakin,Lepidothrix vilasboasi,Birds,Brazil
Golden-headed Lion Tamarin,Leontopithecus chrysomelas,Mammals,Brazil
Golden-rumped Tamarin,Leontopithecus chrysopygus,Mammals,Brazil
Golden-tailed Parrotlet,Touit surdus,Birds,Brazil
Golden-white Bare-ear Marmoset,Mico leucippe,Mammals,Brazil
Goliath Grouper,Epinephelus itajara,Fishes,"Africa, Central and South America, Mexico, United States (Florida, Minor Outlying Islands)"
Gomidesia mugnifolia,Gomidesia mugnifolia,Plants,Brazil
Gonyostomus insularis,Gonyostomus insularis,Snails,Brazil
Gonyostomus gonyostomus,Gonyostomus gonyostomus,Snails,Brazil
Gray Nurse Shark,Carcharias taurus,Fishes,"Africa, Asia, Australia, Central America, Europe, Middle East, North America (United States Territory), Oceanic, South America"
Gray Petrel,Procellaria cinerea,Birds,"Africa, Antarctica, Australia, Oceanic, South America"
Gray-backed Tachuri,Polystictus superciliaris,Birds,Brazil
Gray-breasted Parakeet,Pyrrhura griseipectus,Birds,Brazil
Gray-capped Tyrannulet,Phyllomyias griseocapilla,Birds,Brazil
Gray-headed Albatross,Thalassarche chrysostoma,Birds,"Africa, Antarctica, Australia, Oceanic, South America"
Gray-winged Cotinga,Tijuca condita,Birds,Brazil
Great White Shark,Carcharodon carcharias,Fishes,"Africa, Asia, Australia, Central America, Europe, Middle East, North America (including United States and Hawaii), Oceanic, South America"
Great-billed Seed-finch,Oryzoborus maximiliani,Birds,"Bolivia, Brazil, Colombia, Ecuador, French Guiana, Peru, Venezuela"
Greater Rhea,Rhea americana,Birds,"Argentina, Bolivia, Brazil, Paraguay, Uruguay"
Greater Wilfred's Mouse,Wilfredomys oenax,Mammals,"Brazil, Uruguay"
Green-throated Euphonia,Euphonia chalybea,Birds,"Argentina, Brazil, Paraguay"
Guarea crispa,Guarea crispa,Plants,Brazil
Guarea convergens,Guarea convergens,Plants,Brazil
Guarea velutina,Guarea velutina,Plants,Brazil
Guarea trunciflora,Guarea trunciflora,Plants,"Brazil, Peru"
Guarea sprucei,Guarea sprucei,Plants,Brazil
Guarea juglandiformis,Guarea juglandiformis,Plants,"Brazil, Peru"
Guarea humaitensis,Guarea humaitensis,Plants,Brazil
Guarea guentheri,Guarea guentheri,Plants,"Brazil, Peru"
Guarea cristata,Guarea cristata,Plants,"Brazil, Peru"
Guatambu Blanco,Balfourodendron riedelianum,Plants,"Argentina, Brazil, Paraguay"
Guatteria augusti,Guatteria augusti,Plants,Brazil
Guiana Spider Monkey,Ateles paniscus,Mammals,"Brazil, French Guiana, Guyana, Suriname"
Guianan Crested Eagle,Morphnus guianensis,Birds,"Argentina, Belize, Bolivia, Brazil, Colombia, Costa Rica, Ecuador, French Guiana, Guatemala, Guyana, Honduras, Nicaragua, Panama, Paraguay, Peru, Suriname, Venezuela"
Gulper Shark,Centrophorus granulosus,Fishes,"Africa, Asia, Central America, Europe, Middle East, North America (including United States and Hawaii), South America"
Gustavia santanderiensis,Gustavia santanderiensis,Plants,"Brazil, Colombia"
Gustavia longepetiolata,Gustavia longepetiolata,Plants,Brazil
Gustavia erythrocarpa,Gustavia erythrocarpa,Plants,Brazil
Gustavia acuminata,Gustavia acuminata,Plants,"Brazil, Venezuela"
Hammerhead Shark,Sphyrna mokarran,Fishes,"Africa, Asia, Australia, Central and South America, Middle East, Oceanic, United States"
Harpy Eagle,Harpia harpyja,Birds,Mexico south to Argentina
Helicostylis heterotricha,Helicostylis heterotricha,Plants,Brazil
Helmeted Woodpecker,Dryocopus galeatus,Birds,"Argentina, Brazil, Paraguay"
Hidden Angel Shark,Squatina occulta,Fishes,"Argentina, Brazil, Uruguay"
Hirinaba curytibana,Hirinaba curytibana,Snails,Brazil
Hoary-throated Spinetail,Synallaxis kollari,Birds,"Brazil, Guyana"
Hogfish,Lachnolaimus maximus,Fishes,"Central America, North America (including United States), Oceanic, South America"
Holly,Ilex neblinensis,Plants,"Brazil, Venezuela"
Holly,Ilex attenuata,Plants,Brazil
Hooded Berryeater,Carpornis cucullata,Birds,Brazil
Hooded Seedeater,Sporophila melanops,Birds,Brazil
Hooded Visorbearer,Augastes lumachella,Birds,Brazil
Hook-billed Hermit Hummingbird,Ramphodon dohrnii,Birds,Brazil
Hummelinck's Vesper Mouse,Calomys hummelincki,Mammals,"Aruba Island (Netherland Antilles), Brazil, Colombia, Netherlands Antilles, Venezuela"
Hyacinth Macaw,Anodorhynchus hyacinthinus,Birds,"Bolivia, Brazil, Paraguay"
Hyacinth Visorbearer,Augastes scutatus,Birds,Brazil
Hypsiboas cipoensis,Hypsiboas cipoensis,Amphibians,Brazil
Indigo Macaw,Anodorhynchus leari,Birds,Brazil
Inga bollandii,Inga bollandii,Plants,Brazil
Inga exilis,Inga exilis,Plants,Brazil
Inga mendoncaei,Inga mendoncaei,Plants,Brazil
Inga sellowiana,Inga sellowiana,Plants,Brazil
Inga blanchetiana,Inga blanchetiana,Plants,Brazil
Inga exfoliata,Inga exfoliata,Plants,Brazil
Inga maritima,Inga maritima,Plants,Brazil
Inga santaremnensis,Inga santaremnensis,Plants,Brazil
Inga bicoloriflora,Inga bicoloriflora,Plants,Brazil
Inga enterolobioides,Inga enterolobioides,Plants,Brazil
Inga leptantha,Inga leptantha,Plants,Brazil
Inga salicifoliola,Inga salicifoliola,Plants,Brazil
Inga xinguensis,Inga xinguensis,Plants,Brazil
Inga arenicola,Inga arenicola,Plants,Brazil
Inga caudata,Inga caudata,Plants,Brazil
Inga lentiscifolia,Inga lentiscifolia,Plants,Brazil
Inga praegnans,Inga praegnans,Plants,Brazil
Inga unica,Inga unica,Plants,Brazil
Inga aptera,Inga aptera,Plants,Brazil
Inga calantha,Inga calantha,Plants,Brazil
Inga lenticellata,Inga lenticellata,Plants,Brazil
Inga pleiogyna,Inga pleiogyna,Plants,Brazil
Inga cabelo,Inga cabelo,Plants,Brazil
Inga lanceifolia,Inga lanceifolia,Plants,Brazil
Inga platyptera,Inga platyptera,Plants,Brazil
Inga tenuiloba,Inga tenuiloba,Plants,Brazil
Inga bullatorugosa,Inga bullatorugosa,Plants,Brazil
Inga hispida,Inga hispida,Plants,Brazil
Inga pedunculata,Inga pedunculata,Plants,Brazil
Inga suborbicularis,Inga suborbicularis,Plants,Brazil
Inga bullata,Inga bullata,Plants,Brazil
Inga grazielae,Inga grazielae,Plants,Brazil
Inga microcalyx,Inga microcalyx,Plants,Brazil
Inga suberosa,Inga suberosa,Plants,Brazil
Iryanthera obovata,Iryanthera obovata,Plants,Brazil
Iryanthera campinae,Iryanthera campinae,Plants,Brazil
Ischnocnema epipeda,Ischnocnema epipeda,Amphibians,Brazil
Ischnocnema oea,Ischnocnema oea,Amphibians,Brazil
Ischnocnema manezinho,Ischnocnema manezinho,Amphibians,Brazil
Itatiaia Highland Frog,Holoaden bradei,Amphibians,Brazil
Izecksohn's Brazilian Treefrog,Xenohyla truncata,Amphibians,Brazil
Izecksohn's Bromeliad Frog,Crossodactylodes izecksohni,Amphibians,Brazil
Izecksohn's Guanabara Frog,Euparkerella robusta,Amphibians,Brazil
Jaguar,Panthera onca,Mammals,"Arizona, California, Central and South America, Louisiana, Mexico, New Mexico, Texas"
Japanese Devilray,Mobula japanica,Fishes,"Africa, Asia, Australia, Central America, Hawaii, Middle East, North America, Oceanic, South America"
Jequitiba Tree,Cariniana kuhlmannii,Plants,Brazil
Jequitiba Tree,Cariniana integrifolia,Plants,Brazil
Jequitiba Tree,Cariniana ianeirensis,Plants,Brazil
Jequitiba Tree,Cariniana uaupensis,Plants,Brazil
Jequitiba Tree,Cariniana penduliflora,Plants,Brazil
Jequitiba Tree,Cariniana pauciramosa,Plants,Brazil
Jequitiba Tree,Cariniana pachyantha,Plants,Brazil
Jequitiba Tree,Cariniana legalis,Plants,Brazil
Johnson's Horned Treefrog,Hemiphractus johnsoni,Amphibians,"Brazil, Colombia"
Joiceya praeclarus,Joiceya praeclarus,Insects,Brazil
Ka'apor Capuchin,Cebus kaapori,Mammals,Brazil
Kaempfer's Tody-tyrant,Hemitriccus kaempferi,Birds,Brazil
Kaempfer's Woodpecker,Celeus obrieni,Birds,Brazil
Karimi's Fat-tailed Mouse Opossum,Thylamys karimii,Mammals,Brazil
Kinglet Calyptura,Calyptura cristata,Birds,Brazil
Klages's Antwren,Myrmotherula klagesi,Birds,Brazil
La Plata River Dolphin,Pontoporia blainvillei,Mammals,"Argentina, Brazil, Uruguay"
La Plata Skate,Atlantoraja platana,Fishes,"Argentina, Brazil, Uruguay"
Lafoensia replicata,Lafoensia replicata,Plants,Brazil
Lami Tuco-tuco,Ctenomys lami,Mammals,Brazil
Large-headed Rice Rat,Hylaeamys laticeps,Mammals,Brazil
Largetooth Sawfish,Pristis perotteti,Fishes,"Africa, Central and South America, Europe, Mexico, United States"
Least Big-eared Bat,Neonycteris pusilla,Mammals,"Brazil, Colombia"
Least Tern,Sterna antillarum,Birds,"Bahamas, Central America (winters), Greater and Lesser Antilles, Mexico, Northern South America, USA (California, including the Miss. R. Basin),  Atlantic Gulf Coasts"
Lecythis parvifructa,Lecythis parvifructa,Plants,Brazil
Lecythis brancoensis,Lecythis brancoensis,Plants,"Brazil, Guyana"
Lecythis barnebyi,Lecythis barnebyi,Plants,Brazil
Lecythis schwackei,Lecythis schwackei,Plants,Brazil
Lecythis schomburgkii,Lecythis schomburgkii,Plants,"Brazil, Guyana"
Lecythis prancei,Lecythis prancei,Plants,Brazil
Lesser Nothura,Nothura minor,Birds,"Brazil, Paraguay"
Leucochloron foederale,Leucochloron foederale,Plants,Brazil
Licania conferruminata,Licania conferruminata,Plants,Brazil
Light-mantled Albatross,Phoebetria palpebrata,Birds,"Antarctica, Argentina, Australia, Bouvet Island, Brazil, Chile, Falkland Islands (Malvinas), French Polynesia, French Southern Territories, Heard Island and McDonald Islands, Mauritius, New Zealand, South Africa, South Georgia and the South Sandwich Islands"
Liolaemus lutzae,Liolaemus lutzae,Reptiles,Brazil
Liolaemus occipitalis,Liolaemus occipitalis,Reptiles,Brazil
Little Blue Macaw,Cyanopsitta spixii,Birds,Brazil
Little Spotted Cat,Leopardus tigrinus,Mammals,Costa Rica to Northern Argentina
Liver-oil Shark,Galeorhinus galeus,Fishes,"Africa, Asia, Australia, Europe, Middle East, North America (including United States and Hawaii), South America"
Lizard Catshark,Schroederichthys saurisqualus,Fishes,Brazil
Long-haired Spider Monkey,Ateles belzebuth,Mammals,"Brazil, Colombia, Ecuador, Peru, Venezuela"
Long-horned Beetle,Macrodontia cervicornis,Insects,"Brazil, Peru"
Long-tailed Cinclodes,Cinclodes pabsti,Birds,Brazil
Long-tailed Fat-tailed Opossum,Thylamys macrurus,Mammals,"Brazil, Paraguay"
Long-tailed Otter,Lontra longicaudis,Mammals,South America
Long-tailed Woodnymph,Thalurania watertonii,Birds,Brazil
Longfin Mako,Isurus paucus,Fishes,"Africa, Asia, Australia, Central America, Europe, North America (including United States and Hawaii), Oceanic, South America"
Ludwigia anastomosans,Ludwigia anastomosans,Plants,Brazil
Lund's Atlantic Tree Rat,Phyllomys lundi,Mammals,Brazil
Lutz's River Frog,Thoropa lutzi,Amphibians,Brazil
Macaroni Penguin,Eudyptes chrysolophus,Birds,"Africa, Antarctica, Oceanic, South America"
Machaerium villosum,Machaerium villosum,Plants,Brazil
Macrosamanea prancei,Macrosamanea prancei,Plants,Brazil
Macrosamanea macrocalyx,Macrosamanea macrocalyx,Plants,Brazil
Magellanic Penguin,Spheniscus magellanicus,Birds,"Antarctica, Australia, South America"
Maldonado Redbelly Toad,Melanophryniscus moreirae,Amphibians,Brazil
Maned Wolf,Chrysocyon brachyurus,Mammals,"Argentina, Bolivia, Brazil, Paraguay, Uruguay"
Manilkara Tree,Manilkara cavalcantei,Plants,Brazil
Manilkara Tree,Manilkara bella,Plants,Brazil
Manilkara Tree,Manilkara multifida,Plants,Brazil
Manilkara Tree,Manilkara maxima,Plants,Brazil
Manilkara Tree,Manilkara longifolia,Plants,Brazil
Manilkara Tree,Manilkara excelsa,Plants,Brazil
Manilkara Tree,Manilkara elata,Plants,Brazil
Manilkara Tree,Manilkara decrescens,Plants,Brazil
Manilkara Tree,Manilkara dardanoi,Plants,Brazil
Mantiqueira Atlantic Tree Rat,Phyllomys mantiqueirensis,Mammals,Brazil
Mantled Hawk,Leucopternis polionotus,Birds,"Brazil, Paraguay, Uruguay"
Margay,Leopardus wiedii,Mammals,"Central and South America, Mexico"
Maroon-faced Parakeet,Pyrrhura leucotis,Birds,"Brazil, Venezuela"
Marsh Deer,Blastocerus dichotomus,Mammals,"Argentina, Bolivia, Brazil, Paraguay, Uruguay"
Marsh Seedeater,Sporophila palustris,Birds,"Argentina, Brazil, Paraguay, Uruguay"
Marsh Tapaculo,Scytalopus iraiensis,Birds,Brazil
Mecistogaster pronoti,Mecistogaster pronoti,Insects,Brazil
Mecistogaster asticta,Mecistogaster asticta,Insects,Brazil
Megalobulimus proclivis,Megalobulimus proclivis,Snails,Brazil
Megalobulimus parafragilior,Megalobulimus parafragilior,Snails,Brazil
Megalobulimus lopesi,Megalobulimus lopesi,Snails,Brazil
Megalobulimus grandis,Megalobulimus grandis,Snails,Brazil
Megalobulimus fragilion,Megalobulimus fragilion,Snails,Brazil
Melanophryniscus admirabilis,Melanophryniscus admirabilis,Amphibians,Brazil
Melanophryniscus dorsalis,Melanophryniscus dorsalis,Amphibians,Brazil
Melocactus pachyacanthus,Melocactus pachyacanthus,Plants,Brazil
Mezilaurus navalium,Mezilaurus navalium,Plants,Brazil
Mezilaurus itauba,Mezilaurus itauba,Plants,"Bolivia, Brazil, Ecuador, French Guiana, Peru, Suriname"
Micranthocereus streckeri,Micranthocereus streckeri,Plants,Brazil
Micranthocereus polyanthus,Micranthocereus polyanthus,Plants,Brazil
Micranthocereus auriazureus,Micranthocereus auriazureus,Plants,Brazil
Micranthocereus albicephalus,Micranthocereus albicephalus,Plants,Brazil
Micranthocereus violaciflorus,Micranthocereus violaciflorus,Plants,Brazil
Micropholis submarginalis,Micropholis submarginalis,Plants,Brazil
Micropholis retusa,Micropholis retusa,Plants,Brazil
Micropholis resinifera,Micropholis resinifera,Plants,Brazil
Micropholis grandiflora,Micropholis grandiflora,Plants,Brazil
Micropholis emarginata,Micropholis emarginata,Plants,Brazil
Micropholis compta,Micropholis compta,Plants,Brazil
Micropholis caudata,Micropholis caudata,Plants,Brazil
Milkwood,Tabernaemontana muricata,Plants,Brazil
Milkwood,Tabernaemontana cumata,Plants,Brazil
Mimosa caesalpiniaefolia,Mimosa caesalpiniaefolia,Plants,Brazil
Minas Gerais Tyrannulet,Phylloscartes roquettei,Birds,Brazil
Minute Pearlfish,Leptolebias minimus,Fishes,Brazil
Mistletoe Cactus,Rhipsalis oblonga,Plants,Brazil
Mistletoe Cactus,Rhipsalis crispata,Plants,Brazil
Mistletoe Cactus,Rhipsalis cereoides,Plants,Brazil
Mistletoe Cactus,Rhipsalis russellii,Plants,Brazil
Mistletoe Cactus,Rhipsalis pilocarpa,Plants,Brazil
Mollinedia marquetiana,Mollinedia marquetiana,Plants,Brazil
Mollinedia longicuspidata,Mollinedia longicuspidata,Plants,Brazil
Mollinedia lamprophylla,Mollinedia lamprophylla,Plants,Brazil
Mollinedia glabra,Mollinedia glabra,Plants,Brazil
Mollinedia gilgiana,Mollinedia gilgiana,Plants,Brazil
Mollinedia engleriana,Mollinedia engleriana,Plants,Brazil
Mollinedia stenophylla,Mollinedia stenophylla,Plants,Brazil
Monster Rice Rat,Euryoryzomys lamia,Mammals,Brazil
Montevideo Redbelly Toad,Melanophryniscus montevidensis,Amphibians,"Brazil, Uruguay"
Moojen's Atlantic Spiny-rat,Trinomys moojeni,Mammals,Brazil
Mottled Piculet,Picumnus nebulosus,Birds,"Argentina, Brazil, Uruguay"
Moustached Woodcreeper,Xiphocolaptes falcirostris,Birds,Brazil
Multispine Skate,Bathyraja multispinis,Fishes,"Argentina, Brazil, Chile, Falkland Islands (Malvinas), Uruguay"
Mutton Snapper,Lutjanus analis,Fishes,"Central America, North America (including United States), Oceanic, South America"
Myrceugenia scutellata,Myrceugenia scutellata,Plants,Brazil
Myrceugenia rufescens,Myrceugenia rufescens,Plants,Brazil
Myrceugenia pilotantha,Myrceugenia pilotantha,Plants,Brazil
Myrceugenia kleinii,Myrceugenia kleinii,Plants,Brazil
Myrceugenia franciscensis,Myrceugenia franciscensis,Plants,Brazil
Myrceugenia campestris,Myrceugenia campestris,Plants,Brazil
Myrceugenia brevipedicellata,Myrceugenia brevipedicellata,Plants,Brazil
Myrceugenia bracteosa,Myrceugenia bracteosa,Plants,Brazil
Myrcia lineata,Myrcia lineata,Plants,Brazil
Myrcia grandiflora,Myrcia grandiflora,Plants,Brazil
Myrcia almasensis,Myrcia almasensis,Plants,Brazil
Myrcianthes pungens,Myrcianthes pungens,Plants,Brazil
Myrciaria silveirana,Myrciaria silveirana,Plants,Brazil
Myrciaria pliniodes,Myrciaria pliniodes,Plants,Brazil
Myrciaria cuspidata,Myrciaria cuspidata,Plants,"Brazil, Paraguay"
Myriocoleopsis fluviatilis,Myriocoleopsis fluviatilis,Plants,Brazil
Narrow-billed Antwren,Formicivora iheringi,Birds,Brazil
Narrownose Smoothhound,Mustelus schmitti,Fishes,"Argentina, Brazil, Uruguay"
Natterer's Longwing,Heliconius nattereri,Insects,Brazil
Naucleopsis oblongifolia,Naucleopsis oblongifolia,Plants,Brazil
Neblina Uakari,Cacajao hosomi,Mammals,"Brazil, Venezuela"
Nectandra grisea,Nectandra grisea,Plants,Brazil
Nectandra debilis,Nectandra debilis,Plants,Brazil
Nectandra barbellata,Nectandra barbellata,Plants,Brazil
Nectandra weddellii,Nectandra weddellii,Plants,Brazil
Nectandra psammophila,Nectandra psammophila,Plants,Brazil
Nectandra paranaensis,Nectandra paranaensis,Plants,Brazil
Nectandra micranthera,Nectandra micranthera,Plants,Brazil
Nectandra matogrossensis,Nectandra matogrossensis,Plants,Brazil
Neomitranthes langsdorfii,Neomitranthes langsdorfii,Plants,Brazil
Neomitranthes cordifolia,Neomitranthes cordifolia,Plants,Brazil
Night Shark,Carcharhinus signatus,Fishes,"Africa, Central America, North America (United States), South America"
Nirodia belphegor,Nirodia belphegor,Insects,Brazil
Noronha Elaenia,Elaenia ridleyana,Birds,Brazil
Noronha Vireo,Vireo gracilirostris,Birds,Brazil
Northern Giant-petrel,Macronectes halli,Birds,"Africa, Antarctic, Australia, Oceanic, South America"
Northern Muriqui,Brachyteles hypoxanthus,Mammals,Brazil
Northern Royal Albatross,Diomedea sanfordi,Birds,"Africa, Australia, French Southern Territories, Heard Island and McDonald Islands, Oceans, South America, South Georgia and the South Sandwich Islands"
Notodiaptomus maracaibensis,Notodiaptomus maracaibensis,Crustaceans,"Brazil, Venezuela"
Notodiaptomus dubius,Notodiaptomus dubius,Crustaceans,Brazil
Oceanic Whitetip Shark,Carcharhinus longimanus,Fishes,"Africa, American Samoa, Asia, Australia, Central America, Europe, Middle East, North America (including United States and Hawaii), Oceanic, South America"
Ocelot,Leopardus pardalis,Mammals,"USA (Arizona, Texas) to Central and South America"
Ochraceous Piculet,Picumnus limae,Birds,Brazil
Ochre-breasted Pipit,Anthus nattereri,Birds,"Argentina, Brazil, Paraguay"
Ochre-rumped Antbird,Drymophila ochropyga,Birds,Brazil
Ocotea pretiosa,Ocotea pretiosa,Plants,South America
Ocotea porosa,Ocotea porosa,Plants,South America
Ocotea langsdorffii,Ocotea langsdorffii,Plants,South America
Ocotea catharinensis,Ocotea catharinensis,Plants,South America
Ocotea basicordatifolia,Ocotea basicordatifolia,Plants,South America
Olive-sided Flycatcher,Contopus cooperi,Birds,"Central and South America, North America (including United States)"
Olrog's Gull,Larus atlanticus,Birds,"Argentina, Brazil, Uruguay"
One-finned Shark,Heptranchias perlo,Fishes,"Africa, Asia, Australia, Europe, Middle East, North America (including United States), South America"
Onefin Skate,Gurgesiella dorsalifera,Fishes,Brazil
Opalescent Pearlfish,Leptolebias opalescens,Fishes,Brazil
Orange-bellied Antwren,Terenura sicki,Birds,Brazil
Orinoco Goose,Neochen jubata,Birds,"Argentina, Bolivia, Brazil, Colombia, Ecuador, Guyana, Jamaica, Paraguay, Peru, Venezuela, West Indies (Barbados)"
Ornate Horned Frog,Ceratophrys ornata,Amphibians,"Argentina, Brazil, Uruguay"
Oustalet's Tyrannulet,Phylloscartes oustaleti,Birds,Brazil
Pacarana,Dinomys branickii,Mammals,"Bolivia, Brazil, Colombia, Ecuador, Peru, Venezuela"
Painted Tree Rat,Callistomys pictus,Mammals,Brazil
Pale-throated Pampa-finch,Embernagra longicauda,Birds,Brazil
Pampas Cat,Leopardus colocolo,Mammals,"Argentina, Bolivia, Brazil, Chile, Ecuador, Paraguay, Peru, Uruguay"
Pampas Deer,Ozotoceros bezoarticus,Mammals,"Argentina, Bolivia, Brazil, Paraguay, Uruguay"
Pampas Meadowlark,Sturnella defilippii,Birds,"Argentina, Brazil, Uruguay"
Parana Antwren,Stymphalornis acutirostris,Birds,Brazil
Pearly Parakeet,Pyrrhura lepida,Birds,Brazil
Pebas Stubfoot Toad,Atelopus spumarius,Amphibians,"Brazil, Colombia, Ecuador, French Guiana, Guyana, Peru, Suriname"
Pectoral Antwren,Herpsilochmus pectoralis,Birds,Brazil
Perebea glabrifolia,Perebea glabrifolia,Plants,Brazil
Pereskia aureiflora,Pereskia aureiflora,Plants,Brazil
Pernambuco Pygmy-owl,Glaucidium mooreorum,Birds,Brazil
Persea glabra,Persea glabra,Plants,Brazil
Peruvian Recurvebill,Simoxenops ucayalae,Birds,"Bolivia, Brazil, Peru"
Peters' Smooth Horned Frog,Proceratophrys bigibbosa,Amphibians,"Argentina, Brazil"
Petropolis River Frog,Thoropa petropolitana,Amphibians,Brazil
Pfrimer's Parakeet,Pyrrhura pfrimeri,Birds,Brazil
Phyllostemonodaphne geminiflora,Phyllostemonodaphne geminiflora,Plants,Brazil
Pied Tamarin,Saguinus bicolor,Mammals,Brazil
Pilosocereus fulvilanatus,Pilosocereus fulvilanatus,Plants,Brazil
Pilosocereus floccosus,Pilosocereus floccosus,Plants,Brazil
Pilosocereus azulensis,Pilosocereus azulensis,Plants,Brazil
Pilosocereus arrabidae,Pilosocereus arrabidae,Plants,Brazil
Pilosocereus piauhyensis,Pilosocereus piauhyensis,Plants,Brazil
Pilosocereus multicostatus,Pilosocereus multicostatus,Plants,Brazil
Pilosocereus magnificus,Pilosocereus magnificus,Plants,Brazil
Pilosocereus glaucochrous,Pilosocereus glaucochrous,Plants,Brazil
Pink-legged Graveteiro,Acrobatornis fonsecai,Birds,Brazil
Pinto's Spinetail,Synallaxis infuscata,Birds,Brazil
Piraja's Lancehead,Bothrops pirajai,Reptiles,Brazil
Plain-tailed Nighthawk,Nyctiprogne vielliardi,Birds,Brazil
Plathymenia foliolosa,Plathymenia foliolosa,Plants,Brazil
Plumbeous Antvireo,Dysithamnus plumbeus,Birds,Brazil
Podocarpus lambertii,Podocarpus lambertii,Plants,South America
Podocarpus barretoi,Podocarpus barretoi,Plants,South America
Podocarpus acuminatus,Podocarpus acuminatus,Plants,South America
Poeppig's Woolly Monkey,Lagothrix poeppigii,Mammals,"Brazil, Ecuador, Peru"
Poey's Grouper,Epinephelus flavolimbatus,Fishes,"Central America, North America (including United States), South America"
Porites branneri,Porites branneri,"Corals, Jellyfish, and Sea Anemones","Central America, South America"
Pouteria Tree,Pouteria crassiflora,Plants,South America
Pouteria Tree,Pouteria lucens,Plants,South America
Pouteria Tree,Pouteria oxypetala,Plants,South America
Pouteria Tree,Pouteria subsessilifolia,Plants,South America
Pouteria Tree,Pouteria coelomatica,Plants,South America
Pouteria Tree,Pouteria latianthera,Plants,South America
Pouteria Tree,Pouteria oppositifolia,Plants,South America
Pouteria Tree,Pouteria putamen-ovi,Plants,South America
Pouteria Tree,Pouteria butyrocarpa,Plants,South America
Pouteria Tree,Pouteria krukovii,Plants,South America
Pouteria Tree,Pouteria nudipetala,Plants,South America
Pouteria Tree,Pouteria pubescens,Plants,South America
Pouteria Tree,Pouteria bullata,Plants,South America
Pouteria Tree,Pouteria juruana,Plants,South America
Pouteria Tree,Pouteria nemorosa,Plants,South America
Pouteria Tree,Pouteria psammophila,Plants,South America
Pouteria Tree,Pouteria brevensis,Plants,South America
Pouteria Tree,Pouteria furcata,Plants,South America
Pouteria Tree,Pouteria minima,Plants,South America
Pouteria Tree,Pouteria polysepala,Plants,South America
Pouteria Tree,Pouteria bapeba,Plants,South America
Pouteria Tree,Pouteria fulva,Plants,South America
Pouteria Tree,Pouteria microstrigosa,Plants,South America
Pouteria Tree,Pouteria petiolata,Plants,South America
Pouteria Tree,Pouteria andarahiensis,Plants,South America
Pouteria Tree,Pouteria exstaminodia,Plants,South America
Pouteria Tree,Pouteria macrocarpa,Plants,"Central America, South America"
Pouteria Tree,Pouteria pallens,Plants,South America
Pouteria Tree,Pouteria vernicosa,Plants,South America
Pouteria Tree,Pouteria amapaensis,Plants,South America
Pouteria Tree,Pouteria decussata,Plants,South America
Pouteria Tree,Pouteria macahensis,Plants,South America
Pouteria Tree,Pouteria pachycalyx,Plants,South America
Pouteria Tree,Pouteria pachyphylla,Plants,South America
Pouteria Tree,Pouteria tarumanensis,Plants,South America
Pradosia verrucosa,Pradosia verrucosa,Plants,Brazil
Pradosia subverticillata,Pradosia subverticillata,Plants,Brazil
Pradosia kuhlmannii,Pradosia kuhlmannii,Plants,Brazil
Pradosia granulosa,Pradosia granulosa,Plants,Brazil
Pradosia decipiens,Pradosia decipiens,Plants,Brazil
Pro-Mata Oval Frog,Elachistocleis erythrogaster,Amphibians,Brazil
Pseudoacanthocereus brasiliensis,Pseudoacanthocereus brasiliensis,Plants,Brazil
Pseudolmedia hirtula,Pseudolmedia hirtula,Plants,Brazil
Ptychodon schuppi,Ptychodon schuppi,Snails,Brazil
Purple Yatay Palm,Butia purpurascens,Plants,Brazil
Purple-winged Ground Dove,Claravis godefrida,Birds,"Argentina, Brazil, Paraguay"
Queen Triggerfish,Balistes vetula,Fishes,"Africa, Asia, Central America, North America (including United States), Oceanic, South America"
Radioconus riochcoensis,Radioconus riochcoensis,Snails,Brazil
Radioconus goeldi,Radioconus goeldi,Snails,Brazil
Radiodiscus compactus,Radiodiscus compactus,Snails,Brazil
Radiodiscus amdenus,Radiodiscus amdenus,Snails,Brazil
Rainbow Parrotfish,Scarus guacamaia,Fishes,"Central America, North America (including United States), Oceanic, South America"
Razor-billed Curassow,Mitu mitu mitu,Birds,Eastern Brazil
Red Grouper,Epinephelus morio,Fishes,"Central America, North America (including United States), Oceanic, South America"
Red Myotis,Myotis ruber,Mammals,"Bolivia, Brazil, Paraguay, Uruguay"
Red Porgy,Pagrus pagrus,Fishes,"Asia, Central and South America, Europe, Africa, and the Middle East, Mexico, United States"
Red-billed Curassow,Crax blumenbachii,Birds,Brazil
Red-browed Parrot,Amazona rhodocorytha,Birds,Brazil
Red-capped Parrot,Pionopsitta pileata,Birds,Brazil
Red-handed Howler Monkey,Alouatta belzebul,Mammals,Brazil
Red-handed Howling Monkey,Alouatta ululata,Mammals,Brazil
Red-headed Amazon River Turtle,Podocnemis erythrocephala,Reptiles,"Brazil, Colombia, Venezuela"
Red-nosed Tree Rat,Phyllomys brasiliensis,Mammals,Brazil
Red-shouldered Spinetail,Gyalophylax hellmayri,Birds,Brazil
Red-spectacled Parrot,Amazona pretrei,Birds,"Argentina, Brazil, Paraguay"
Red-tailed Parrot,Amazona brasiliensis,Birds,Brazil
Restinga Antwren,Formicivora littoralis,Birds,Brazil
Restinga Tyrannulet,Phylloscartes kronei,Birds,Brazil
Reticulate Leaf Frog,Phyllomedusa ayeaye,Amphibians,Brazil
Ribeirao Button Frog,Cycloramphus acangatan,Amphibians,Brazil
Rinorea ramiziana,Rinorea ramiziana,Plants,Brazil
Rinorea maximiliani,Rinorea maximiliani,Plants,Brazil
Rinorea longistipulata,Rinorea longistipulata,Plants,Brazil
Rinorea bicornuta,Rinorea bicornuta,Plants,Brazil
Rinorea villosiflora,Rinorea villosiflora,Plants,Brazil
Rio Branco Antbird,Cercomacra carbonaria,Birds,"Brazil, Guyana"
Rio De Janeiro Antbird,Cercomacra brasiliana,Birds,Brazil
Rio De Janeiro Antwren,Myrmotherula fluminensis,Birds,Brazil
Rio De Janeiro Arboreal Rat,Phaenomys ferrugineus,Mammals,Brazil
Rio Mutum Frog,Dasypops schirchi,Amphibians,Brazil
Rio Skate,Rioraja agassizi,Fishes,"Argentina, Brazil, Uruguay"
Roberto's Spiny Rat,Proechimys roberti,Mammals,Brazil
Rollinia pickelii,Rollinia pickelii,Plants,Brazil
Rollinia helosioides,Rollinia helosioides,Plants,"Brazil, Ecuador"
Rollinia ferruginea,Rollinia ferruginea,Plants,Brazil
Rollinia calcarata,Rollinia calcarata,Plants,Brazil
Rollinia bahiensis,Rollinia bahiensis,Plants,Brazil
Rondonia Bushbird,Clytoctantes atrogularis,Birds,Brazil
Rondonia Marmoset,Mico rondoni,Mammals,Brazil
Roraima Bush Toad,Oreophrynella quelchii,Amphibians,"Brazil, Guyana, Venezuela"
Rosewood,Dalbergia nigra,Plants,Brazil
Roughskin Skate,Dipturus trachydermus,Fishes,"Argentina, Brazil, Chile"
Rudgea crassifolia,Rudgea crassifolia,Plants,Brazil
Rufous-faced Crake,Laterallus xenopterus,Birds,"Bolivia, Brazil, Paraguay"
Rufous-fronted Antthrush,Formicarius rufifrons,Birds,"Bolivia, Brazil, Peru"
Rufous-rumped Seedeater,Sporophila hypochroma,Birds,"Argentina, Bolivia, Brazil, Paraguay"
Rufous-sided Pygmy-tyrant,Euscarthmus rufomarginatus,Birds,"Bolivia, Brazil, Paraguay, Suriname"
Rufous-tailed Antbird,Drymophila genei,Birds,Brazil
Rupirana cardosoi,Rupirana cardosoi,Amphibians,Brazil
Russet-winged Spadebill,Platyrinchus leucoryphus,Birds,"Argentina, Brazil, Paraguay"
Rusty-barred Owl,Strix hylophila,Birds,"Argentina, Brazil, Paraguay"
Rusty-necked Piculet,Picumnus fuscus,Birds,"Bolivia, Brazil"
Saffron Toucanet,Pteroglossus bailloni,Birds,"Argentina, Brazil, Paraguay"
Saffron-cowled Blackbird,Xanthopsar flavus,Birds,"Argentina, Brazil, Paraguay, Uruguay"
Salvadori's Antwren,Myrmotherula minor,Birds,Brazil
Santa Catarina Leaf Frog,Phrynomedusa appendiculata,Amphibians,Brazil
Santa Catarina Sabrefin,Campellolebias brucei,Fishes,Brazil
Santa Catarina's Guinea Pig,Cavia intermedia,Mammals,Brazil
Santa Cruz Dwarf Frog,Physalaemus soaresi,Amphibians,Brazil
Sao Francisco Sparrow,Arremon franciscanus,Birds,Brazil
Sao Paulo Tyrannulet,Phylloscartes paulista,Birds,"Argentina, Brazil, Paraguay"
Sarcaulus vestitus,Sarcaulus vestitus,Plants,Brazil
Sarcaulus inflexus,Sarcaulus inflexus,Plants,Brazil
Saw-billed Hermit,Ramphodon naevius,Birds,Brazil
Scaled Ground-cuckoo,Neomorphus squamiger,Birds,Brazil
Scalloped Antbird,Myrmeciza ruficauda,Birds,Brazil
Schlumbergera opuntioides,Schlumbergera opuntioides,Plants,Brazil
Schmidt's Spinythumb Frog,Crossodactylus schmidti,Amphibians,"Argentina, Brazil, Paraguay"
Scinax trapicheiroi,Scinax trapicheiroi,Amphibians,Brazil
Scinax peixotoi,Scinax peixotoi,Amphibians,Brazil
Scinax faivovichi,Scinax faivovichi,Amphibians,Brazil
Scinax alcatraz,Scinax alcatraz,Amphibians,Brazil
Sclerolobium striatum,Sclerolobium striatum,Plants,Brazil
Sclerolobium pilgerianum,Sclerolobium pilgerianum,Plants,Brazil
Sclerolobium beaureipairei,Sclerolobium beaureipairei,Plants,Brazil
Seabass,Epinephelus niveatus,Fishes,"Central America, North America (including United States), Oceanic, South America"
Serra Do Mar Tyrannulet,Phylloscartes difficilis,Birds,Brazil
Seven-colored Tanager,Tangara fastuosa,Birds,Brazil
Sharp-tailed Grass Tyrant,Culicivora caudacuta,Birds,"Argentina, Bolivia, Brazil, Paraguay, Uruguay"
Sharpsnout Stingray,Dasyatis geijskesi,Fishes,"Brazil, French Guiana, Guyana, Senegal, Trinidad and Tobago, Venezuela"
Short-eared Dog,Atelocynus microtis,Mammals,"Bolivia, Brazil, Colombia, Ecuador, Peru"
Shortnose Guitarfish,Zapteryx brevirostris,Fishes,"Argentina, Brazil, Uruguay"
Sickle-winged Nightjar,Eleothreptus anomalus,Birds,"Argentina, Brazil, Paraguay"
Siphoneugenia widgreniana,Siphoneugenia widgreniana,Plants,Brazil
Siphoneugenia densiflora,Siphoneugenia densiflora,Plants,Brazil
Six-tubercled Amazon River Turtle,Podocnemis sextuberculata,Reptiles,"Brazil, Colombia, Peru"
Slaty Bristlefront,Merulaxis ater,Birds,Brazil
Slender Antbird,Rhopornis ardesiacus,Birds,Brazil
Small Red Brocket,Mazama bororo,Mammals,Brazil
Solanum paralum,Solanum paralum,Plants,Brazil
Solanum ovum-fringillae,Solanum ovum-fringillae,Plants,Brazil
Solanum sycocarpum,Solanum sycocarpum,Plants,Brazil
Solitary Tinamou,Tinamus solitarius,Birds,"Argentina, Brazil, Paraguay"
Sooty Albatross,Phoebetria fusca,Birds,"Antarctica, New Zealand, Oceanic, South Africa, South America"
Sooty Shearwater,Ardenna grisea,Birds,"Africa, Antarctica, Asia, Australia, Central America, Europe, Middle East, North America (United States Territory), Oceanic, South America"
Sorocea guilleminiana,Sorocea guilleminiana,Plants,Brazil
Souari Tree,Caryocar coriaceum,Plants,Brazil
South American Tapir,Tapirus terrestris,Mammals,Colombia and Venezuela south to Paraguay and Argentina
South Brazilian Skate,Dipturus mennii,Fishes,Brazil
Southern Bluefin Tuna,Thunnus maccoyii,Fishes,"Africa, Asia, Australia, Canada, Oceans, South America"
Southern Bristle-tyrant,Phylloscartes eximius,Birds,"Argentina, Brazil, Paraguay"
Southern Giant-petrel,Macronectes giganteus,Birds,"Africa, Antarctic, Australia, Oceanic, South America"
Southern Long-nosed Armadillo,Dasypus hybridus,Mammals,"Argentina, Brazil, Paraguay, Uruguay"
Southern Royal Albatross,Diomedea epomophora,Birds,"Africa, Antarctica, Australia, Oceanic, South America"
Southern Sawtail Catshark,Galeus mincaronei,Fishes,Brazil
Southern Three-banded Armadillo,Tolypeutes matacus,Mammals,"Argentina, Bolivia, Brazil, Paraguay"
Sowbug Rice Rat,Hylaeamys oniscus,Mammals,Brazil
Spectacled Petrel,Procellaria conspicillata,Birds,"Angola, Argentina, Australia, Brazil, Namibia, South Africa, St. Helena, Uruguay"
Spectral Bat,Vampyrum spectrum,Mammals,"Belize, Brazil, Colombia, Costa Rica, Ecuador, French Guiana, Guatemala, Guyana, Honduras, Mexico, Nicaragua, Peru, Suriname, Trinidad and Tobago, Venezuela"
Spiny Angel Shark,Squatina guggenheim,Fishes,"Argentina, Brazil, Uruguay"
Spix's Red-handed Howler Monkey,Alouatta discolor,Mammals,Brazil
Splendid Pearlfish,Leptolebias splendens,Fishes,Brazil
Spot-breasted Antvireo,Dysithamnus stictothorax,Birds,"Argentina, Brazil"
Spotback Skate,Atlantoraja castelnaui,Fishes,"Argentina, Brazil, Uruguay"
Spotted Bamboowren,Psilorhamphus guttatus,Birds,"Argentina, Brazil"
Spotted Eagle Ray,Aetobatus narinari,Fishes,"Africa, Asia, Australia, Central America, Middle East, North America (including United States and US Island Territory and Hawaii), Oceans, South America"
Stegastes sanctipauli,Stegastes sanctipauli,Fishes,Brazil
Stephanopodium magnifolium,Stephanopodium magnifolium,Plants,Brazil
Straight-billed Reedhaunter,Limnoctites rectirostris,Birds,"Argentina, Brazil, Uruguay"
Strange-tailed Tyrant,Alectrurus risora,Birds,"Argentina, Brazil, Paraguay, Uruguay"
Stresemann's Bristlefront,Merulaxis stresemanni,Birds,Brazil
Striated Softtail,Thripophaga macroura,Birds,Brazil
Striped Dogfish,Mustelus fasciatus,Fishes,"Argentina, Brazil, Uruguay"
Sun Parakeet,Aratinga solstitialis,Birds,"Brazil, French Guiana, Guyana, Suriname, Venezuela"
Superagui Lion Tamarin,Leontopithecus caissara,Mammals,Brazil
Swallow-tailed Cotinga,Phibalura flavirostris,Birds,"Argentina, Bolivia, Brazil, Paraguay"
Syagrus macrocarpa,Syagrus macrocarpa,Plants,Brazil
Syagrus glaucescens,Syagrus glaucescens,Plants,Brazil
Tacinga werneri,Tacinga werneri,Plants,Brazil
Tacinga braunii,Tacinga braunii,Plants,Brazil
Tartaruga,Podocnemis expansa,Reptiles,South America (Orinoco R. and Amazon R. basins)
Tawny Piculet,Picumnus fulvescens,Birds,Brazil
Temminck's Seedeater,Sporophila falcirostris,Birds,"Argentina, Brazil, Paraguay"
Terminalia reitzii,Terminalia reitzii,Plants,South America
Terminalia kuhlmannii,Terminalia kuhlmannii,Plants,South America
Terminalia januariensis,Terminalia januariensis,Plants,South America
Terminalia acuminata,Terminalia acuminata,Plants,South America
Thin-spined Porcupine,Chaetomys subspinosus,Mammals,Brazil
Three-toed Guanabara Frog,Euparkerella tridactyla,Amphibians,Brazil
Three-toed Jacamar,Jacamaralcyon tridactyla,Birds,Brazil
Torres Redbelly Toad,Melanophryniscus macrogranulosus,Amphibians,Brazil
Tracaja,Podocnemis unifilis,Reptiles,South America (Orinoco R. and Amazon R. basins)
Transitional Colilargo,Microakodontomys transitorius,Mammals,Brazil
Trichilia casaretti,Trichilia casaretti,Plants,Brazil
Trichilia micropetala,Trichilia micropetala,Plants,Brazil
Trichilia bullata,Trichilia bullata,Plants,Brazil
Trichilia magnifoliola,Trichilia magnifoliola,Plants,Brazil
Trichilia blanchetii,Trichilia blanchetii,Plants,Brazil
Trichilia hispida,Trichilia hispida,Plants,"Brazil, Peru"
Trichilia florbranca,Trichilia florbranca,Plants,Brazil
Trichilia tetrapetala,Trichilia tetrapetala,Plants,Brazil
Trichilia areolata,Trichilia areolata,Plants,Brazil
Trichilia fasciculata,Trichilia fasciculata,Plants,Brazil
Trichilia surumuensis,Trichilia surumuensis,Plants,"Brazil, Guyana"
Trichilia emarginata,Trichilia emarginata,Plants,Brazil
Trichilia solitudinis,Trichilia solitudinis,Plants,"Brazil, Peru"
Trichilia elsae,Trichilia elsae,Plants,Brazil
Trichilia silvatica,Trichilia silvatica,Plants,Brazil
Trichilia discolor,Trichilia discolor,Plants,Brazil
Trichilia ramalhoi,Trichilia ramalhoi,Plants,Brazil
Trichodactylus crassus,Trichodactylus crassus,Crustaceans,Brazil
Trindade Petrel,Pterodroma arminjoniana,Birds,"Argentina, Brazil, Mauritius, Portugal, Puerto Rico"
Tristan Albatross,Diomedea dabbenena,Birds,"Angola, Argentina, Brazil, Namibia, South Africa, St. Helena, Uruguay"
Tropical Forest Snake,Calamodontophis sp. nov.,Reptiles,Brazil
Tropical Forest Snake,Calamodontophis paucidens,Reptiles,"Brazil, Uruguay"
Tropocyclops nananae,Tropocyclops nananae,Crustaceans,Brazil
Tropocyclops federensis,Tropocyclops federensis,Crustaceans,Brazil
Tuco-tuco Of The Dunes,Ctenomys flamarioni,Mammals,Brazil
Turk's Cap Cactus,Melocactus azureus,Plants,Brazil
Ubatuba Dwarf Frog,Physalaemus atlanticus,Amphibians,Brazil
Uebelmannia buiningii,Uebelmannia buiningii,Plants,Brazil
Uebelmannia gummifera,Uebelmannia gummifera,Plants,Brazil
Unicolored Tree Rat,Phyllomys unicolor,Mammals,Brazil
Unicoloured Antwren,Myrmotherula unicolor,Birds,Brazil
Urbanodendron verrucosum,Urbanodendron verrucosum,Plants,Brazil
Urbanodendron macrophyllum,Urbanodendron macrophyllum,Plants,Brazil
Urbanodendron bahiense,Urbanodendron bahiense,Plants,Brazil
Variegated Electric Ray,Diplobatus pictus,Fishes,"Brazil, French Guiana, Guyana, Suriname, Venezuela"
Vinaceous-breasted Parrot,Amazona vinacea,Birds,"Argentina, Brazil, Paraguay"
Virola surinamensis,Virola surinamensis,Plants,"Brazil, Costa Rica, Ecuador, French Guiana, Guyana, Panama, Peru, Suriname, Venezuela"
Virola parvifolia,Virola parvifolia,Plants,Brazil
Vouacapoua americana,Vouacapoua americana,Plants,"Brazil, French Guiana, Guyana, Peru, Suriname"
Wandering Albatross,Diomedea exulans,Birds,"Africa, Antarctica, Australia, Oceanic, South America"
Wattled Curassow,Crax globulosa,Birds,"Bolivia, Brazil, Colombia, Peru"
West Indian Manatee,Trichechus manatus,Mammals,"Caribbean Sea, South America, Southeastern USA"
Weygoldt's Treefrog,Aplastodiscus weygoldti,Amphibians,Brazil
Whale Shark,Rhincodon typus,Fishes,"Africa, American Samoa, Asia, Australia, Central America, Middle East, Oceanic, South America"
White-banded Tanager,Neothraupis fasciata,Birds,"Bolivia, Brazil, Paraguay"
White-bearded Antshrike,Biatas nigropectus,Birds,"Argentina, Brazil"
White-breasted Tapaculo,Scytalopus indigoticus,Birds,Brazil
White-browed Antpitta,Hylopezus ochroleucus,Birds,Brazil
White-browed Foliage-gleaner,Anabacerthia amaurotis,Birds,"Argentina, Brazil, Paraguay"
White-browed Guan,Penelope jacucaca,Birds,Brazil
White-browed Woodpecker,Piculus aurulentus,Birds,"Argentina, Brazil, Paraguay"
White-cheeked Spider Monkey,Ateles marginatus,Mammals,"Brazil (Mato Grosso, Para)"
White-chinned Petrel,Procellaria aequinoctialis,Birds,"Africa, Antarctic, Australia, Oceanic, South America"
White-collared Kite,Leptodon forbesi,Birds,Brazil
White-crested Guan,Penelope pileata,Birds,Brazil
White-eared Marmoset,Callithrix aurita,Mammals,Brazil
White-footed Saki,Pithecia albicans,Mammals,Brazil
White-lipped Peccary,Tayassu pecari,Mammals,"Central America, North America, South America"
White-necked Hawk,Leucopternis lacernulatus,Birds,Brazil
White-nosed Saki,Chiropotes albinasus,Mammals,Brazil
White-winged Cotinga,Xipholena atropurpurea,Birds,Brazil
White-winged Nightjar,Eleothreptus candicans,Birds,"Bolivia, Brazil, Paraguay"
Wied's Black-tufted-ear Marmoset,Callithrix kuhlii,Mammals,Brazil
Wied's Tyrant-manakin,Neopelma aurifrons,Birds,Brazil
Wiegmann's Tree Lizard,Anisolepis undulatus,Reptiles,"Argentina, Brazil, Uruguay"
Wonderfully Bristled Turk's-Head Cactus,Melocactus deinacanthus,Plants,Brazil
Woolly Spider Monkey,Brachyteles arachnoides,Mammals,Brazil
Woolly Waxy-Stemmed Turks-Cap Cactus,Melocactus glaucescens,Plants,Brazil
Wooly Jelly Palm,Butia eriospatha,Plants,Brazil
Yellow Cardinal,Gubernatrix cristata,Birds,"Argentina, Brazil, Uruguay"
Yellow Kite Swallowtail,Eurytides iphitas,Insects,Brazil
Yellow-faced Amazon,Alipiopsitta xanthops,Birds,"Bolivia, Brazil"
Yellow-faced Siskin,Carduelis yarrellii,Birds,"Brazil, Venezuela"
Yellow-legged Tinamou,Crypturellus noctivagus,Birds,Brazil
Yellowfin Grouper,Mycteroperca venenosa,Fishes,"Central America, North America (including United States), Oceanic, South America"
Yonenaga's Atlantic Spiny-rat,Trinomys yonenagae,Mammals,Brazil
Zamia amazonum,Zamia amazonum,Plants,South America
Zamia ulei,Zamia ulei,Plants,South America
Zamia poeppigiana,Zamia poeppigiana,Plants,South America
Zamia lecointei,Zamia lecointei,Plants,South America
Zamia boliviana,Zamia boliviana,Plants,South America
Zanthoxylum flavum,Zanthoxylum flavum,Plants,"Central America, North America, Oceanic, South America"
Zeyheria tuberculosa,Zeyheria tuberculosa,Plants,Brazil
Zilchogyra paulistana,Zilchogyra paulistana,Snails,Brazil
